Date,Close,High,Low,Open,trend
2018-01-01,112.66,112.69,112.64,112.67,112.99914132315371
2018-01-02,112.3,112.8,112.06,112.67,112.82482847434378
2018-01-03,112.5,112.61,112.17,112.3,112.65030366220685
2018-01-04,112.75,112.87,112.46,112.5,112.4750269056195
2018-01-05,113.08,113.32,112.72,112.75,112.29836428366943
2018-01-08,113.09,113.39,112.89,113.06,112.11985373362822
2018-01-09,112.66,113.19,112.36,113.11,111.93952171509015
2018-01-10,111.44,112.78,111.28,112.66,111.75800102906595
2018-01-11,111.25,111.89,111.05,111.44,111.57637477549444
2018-01-12,111.04,111.7,110.91,111.26,111.39552730367127
2018-01-15,110.54,111.2,110.32,111.07,111.2161389786575
2018-01-16,110.45,110.98,110.25,110.55,111.03866796094933
2018-01-17,111.28,111.34,110.19,110.44,110.86314982418136
2018-01-18,111.11,111.5,110.7,111.3,110.68925222451261
2018-01-19,110.78,111.14,110.5,111.11,110.51690334946201
2018-01-22,110.92,111.23,110.52,110.62,110.34629435390816
2018-01-23,110.31,111.19,110.25,110.92,110.17778082813625
2018-01-24,109.22,110.34,108.97,110.31,110.01207692846026
2018-01-25,109.41,109.7,108.5,109.22,109.84997944817673
2018-01-26,108.72,109.78,108.28,109.42,109.69179013250186
2018-01-29,108.95,109.2,108.5,108.69,109.53753573949686
2018-01-30,108.78,109.22,108.42,108.97,109.38663565839009
2018-01-31,109.19,109.45,108.58,108.78,109.23814206857267
2018-02-01,109.41,109.75,109.09,109.19,109.09072800214932
2018-02-02,110.11,110.48,109.28,109.41,108.9430364024318
2018-02-05,109.11,110.31,108.98,110.11,108.7939097577305
2018-02-06,109.56,109.66,108.44,109.08,108.64291990860431
2018-02-07,109.33,109.72,108.92,109.56,108.48983625201359
2018-02-08,108.75,109.78,108.58,109.31,108.33500135997579
2018-02-09,108.8,109.31,108.05,108.75,108.17928290685087
2018-02-12,108.66,108.95,108.44,108.81,108.02380794114882
2018-02-13,107.83,108.78,107.39,108.64,107.87009145956279
2018-02-14,107.02,107.91,106.72,107.83,107.72004607882269
2018-02-15,106.12,107.03,106.03,107.0,107.57555935849615
2018-02-16,106.31,106.41,105.53,106.14,107.43808132935163
2018-02-19,106.6,106.73,106.09,106.33,107.30815229755842
2018-02-20,107.33,107.39,106.56,106.61,107.18560751845499
2018-02-21,107.78,107.92,107.27,107.33,107.06983965219382
2018-02-22,106.75,107.81,106.59,107.78,106.96033160422837
2018-02-23,106.89,107.14,106.48,106.75,106.8570101302295
2018-02-26,106.94,107.3,106.38,106.84,106.75967052861542
2018-02-27,107.33,107.69,106.78,106.94,106.66812871647292
2018-02-28,106.67,107.53,106.55,107.33,106.58231331680844
2018-03-01,106.24,107.2,106.16,106.67,106.50256662218064
2018-03-02,105.75,106.31,105.25,106.23,106.42928572932506
2018-03-05,106.2,106.25,105.36,105.69,106.36270363083844
2018-03-06,106.12,106.47,105.84,106.2,106.30262876573661
2018-03-07,106.08,106.22,105.44,106.12,106.2487678832661
2018-03-08,106.2,106.31,105.88,106.06,106.20071358969484
2018-03-09,106.8,107.06,106.16,106.25,106.15795301136373
2018-03-12,106.42,106.97,106.31,106.81,106.11997282862004
2018-03-13,106.58,107.31,106.25,106.42,106.08666100117891
2018-03-14,106.33,106.75,106.05,106.56,106.05809300573765
2018-03-15,106.34,106.42,105.78,106.33,106.0346526558678
2018-03-16,106.02,106.39,105.61,106.34,106.01689370701237
2018-03-19,106.09,106.31,105.67,105.95,106.00556075670447
2018-03-20,106.53,106.61,105.92,106.08,106.00140034391026
2018-03-21,106.06,106.64,105.88,106.53,106.00521178212298
2018-03-22,105.28,106.09,105.25,106.06,106.01812475962097
2018-03-23,104.74,105.36,104.64,105.29,106.04130320731869
2018-03-26,105.41,105.49,104.56,104.73,106.07544972815577
2018-03-27,105.34,105.92,105.33,105.41,106.12045361056731
2018-03-28,106.86,107.02,105.31,105.33,106.17578823690826
2018-03-29,106.43,106.93,106.25,106.85,106.24043920602699
2018-03-30,106.28,106.55,106.11,106.42,106.31381974912381
2018-04-02,105.89,106.45,105.66,106.25,106.39546157289527
2018-04-03,106.61,106.67,105.69,105.89,106.48487524669467
2018-04-04,106.78,106.85,105.98,106.61,106.58125542639232
2018-04-05,107.38,107.5,106.71,106.77,106.6838749708294
2018-04-06,106.93,107.47,106.78,107.39,106.79213095420563
2018-04-09,106.77,107.22,106.61,106.92,106.905855528864
2018-04-10,107.2,107.41,106.61,106.81,107.024967015301
2018-04-11,106.8,107.25,106.64,107.2,107.14929882430766
2018-04-12,107.33,107.44,106.69,106.8,107.27879376229036
2018-04-13,107.34,107.78,107.19,107.33,107.41317632389038
2018-04-16,107.11,107.62,107.03,107.38,107.55220300764759
2018-04-17,107.0,107.22,106.86,107.12,107.69558457689939
2018-04-18,107.23,107.39,106.98,106.98,107.84275541810337
2018-04-19,107.38,107.53,107.17,107.23,107.99271517735653
2018-04-20,107.67,107.86,107.36,107.38,108.14408052861963
2018-04-23,108.71,108.76,107.63,107.63,108.29508519886761
2018-04-24,108.82,109.2,108.54,108.7,108.44366661474498
2018-04-25,109.42,109.47,108.8,108.81,108.58802152464693
2018-04-26,109.31,109.47,109.06,109.42,108.72658188533447
2018-04-27,109.05,109.55,108.97,109.31,108.85829964011569
2018-04-30,109.33,109.45,109.0,109.0,108.98249136862043
2018-05-01,109.86,109.89,109.23,109.34,109.0985934632034
2018-05-02,109.84,110.03,109.58,109.86,109.20625950911386
2018-05-03,109.19,109.89,108.94,109.83,109.30561897068664
2018-05-04,109.12,109.28,108.64,109.19,109.39719740006332
2018-05-07,109.09,109.41,108.75,109.12,109.48144808752889
2018-05-08,109.12,109.36,108.83,109.08,109.55865107499328
2018-05-09,109.75,109.83,108.97,109.11,109.62884174931159
2018-05-10,109.39,110.03,109.31,109.75,109.69178134041708
2018-05-11,109.39,109.58,109.14,109.41,109.7473068021497
2018-05-14,109.66,109.67,109.2,109.39,109.7950664750116
2018-05-15,110.35,110.46,109.65,109.66,109.8344853827536
2018-05-16,110.39,110.41,110.02,110.34,109.8649041325796
2018-05-17,110.77,110.86,110.06,110.39,109.88598552832936
2018-05-18,110.75,111.08,110.61,110.78,109.89772055875976
2018-05-21,111.06,111.41,110.72,110.72,109.9006527216724
2018-05-22,110.89,111.19,110.8,111.06,109.89585818951974
2018-05-23,110.08,110.93,109.54,110.9,109.88513772680315
2018-05-24,109.25,110.11,108.95,110.08,109.87091343665557
2018-05-25,109.39,109.75,109.11,109.25,109.85572921113067
2018-05-28,109.42,109.83,109.23,109.56,109.84174087138413
2018-05-29,108.77,109.47,108.11,109.42,109.83081315781469
2018-05-30,108.91,109.08,108.33,108.75,109.8245472227764
2018-05-31,108.82,109.01,108.38,108.9,109.82388121039979
2018-06-01,109.55,109.75,108.72,108.81,109.82918167280113
2018-06-04,109.81,109.86,109.38,109.5,109.8401877363402
2018-06-05,109.8,110.02,109.47,109.83,109.8564640388312
2018-06-06,110.17,110.28,109.78,109.8,109.87755635075321
2018-06-07,109.7,110.22,109.48,110.19,109.90297515256094
2018-06-08,109.55,109.87,109.19,109.71,109.93241370198996
2018-06-11,110.03,110.12,109.22,109.47,109.9654383973054
2018-06-12,110.38,110.5,109.98,110.03,110.0013766282087
2018-06-13,110.34,110.86,110.26,110.38,110.0395961354029
2018-06-14,110.63,110.7,109.9,110.33,110.07970129919846
2018-06-15,110.67,110.92,110.39,110.62,110.12148425232128
2018-06-18,110.55,110.75,110.3,110.67,110.16508106418516
2018-06-19,110.06,110.58,109.55,110.56,110.21097062654624
2018-06-20,110.36,110.45,109.85,110.06,110.25987240549543
2018-06-21,110.0,110.77,109.83,110.36,110.31241151048211
2018-06-22,109.97,110.22,109.79,109.98,110.36927563070225
2018-06-25,109.78,110.03,109.36,109.92,110.4309571981578
2018-06-26,110.06,110.22,109.36,109.75,110.49769909758153
2018-06-27,110.26,110.49,109.68,110.06,110.56933736545744
2018-06-28,110.5,110.66,109.97,110.25,110.64543447633356
2018-06-29,110.68,110.95,110.39,110.49,110.72535956890445
2018-07-02,110.89,111.06,110.48,110.67,110.80839088531695
2018-07-03,110.59,111.14,110.5,110.91,110.89377831798737
2018-07-04,110.47,110.64,110.28,110.61,110.98082276502866
2018-07-05,110.62,110.72,110.3,110.47,111.06863526310505
2018-07-06,110.46,110.79,110.36,110.62,111.15600758465263
2018-07-09,110.85,110.91,110.31,110.5,111.24145110506804
2018-07-10,111.0,111.36,110.8,110.86,111.32304219500756
2018-07-11,112.02,112.19,110.77,110.98,111.39861256818672
2018-07-12,112.56,112.64,111.91,112.02,111.46579203694918
2018-07-13,112.38,112.81,112.28,112.56,111.5225987807835
2018-07-16,112.3,112.56,112.19,112.36,111.56773485915517
2018-07-17,112.87,112.94,112.22,112.29,111.60043820729177
2018-07-18,112.86,113.16,112.72,112.89,111.62040442613387
2018-07-19,112.47,113.17,112.06,112.86,111.6281225927425
2018-07-20,111.41,112.63,111.39,112.46,111.62485653141233
2018-07-23,111.34,111.56,110.75,111.5,111.61239623981757
2018-07-24,111.2,111.52,110.96,111.35,111.59239743030031
2018-07-25,110.97,111.39,110.66,111.2,111.56634556755263
2018-07-26,111.22,111.25,110.58,110.97,111.53548086787275
2018-07-27,111.05,111.25,110.8,111.22,111.5006708315791
2018-07-30,111.07,111.17,110.89,111.04,111.46258578344776
2018-07-31,111.88,111.97,110.78,111.05,111.42161437898503
2018-08-01,111.72,112.16,111.39,111.88,111.37789990758259
2018-08-02,111.66,111.75,111.31,111.7,111.33187214964532
2018-08-03,111.27,111.83,111.08,111.66,111.28417469813598
2018-08-06,111.41,111.53,111.14,111.19,111.23565622592375
2018-08-07,111.39,111.48,111.0,111.41,111.18715654669143
2018-08-08,110.98,111.44,110.83,111.39,111.13962443898063
2018-08-09,111.08,111.19,110.69,110.98,111.09413545849134
2018-08-10,110.94,111.18,110.5,111.09,111.05166539564904
2018-08-13,110.73,110.95,110.12,110.94,111.0131812062177
2018-08-14,111.16,111.33,110.59,110.69,110.97958005508897
2018-08-15,110.75,111.44,110.42,111.14,110.95158211890066
2018-08-16,110.89,111.12,110.47,110.75,110.93002033675614
2018-08-17,110.5,111.06,110.31,110.89,110.91560165893455
2018-08-20,110.07,110.69,110.02,110.52,110.90900802300456
2018-08-21,110.31,110.56,109.78,110.06,110.91066161549809
2018-08-22,110.56,110.62,110.03,110.3,110.92046024293265
2018-08-23,111.3,111.33,110.52,110.55,110.93792629831603
2018-08-24,111.23,111.5,111.11,111.28,110.96235688700418
2018-08-27,111.08,111.36,110.92,111.25,110.99327541041662
2018-08-28,111.19,111.36,110.95,111.08,111.03037254691844
2018-08-29,111.67,111.84,111.11,111.2,111.07339317774318
2018-08-30,110.98,111.78,110.95,111.69,111.12218195128253
2018-08-31,111.04,111.15,110.68,110.99,111.17695639519204
2018-09-03,111.08,111.19,110.85,111.08,111.23784517340789
2018-09-04,111.45,111.55,110.91,111.06,111.30489135211923
2018-09-05,111.53,111.76,111.37,111.45,111.37803934428186
2018-09-06,110.75,111.55,110.53,111.53,111.45732425575649
2018-09-07,111.08,111.27,110.39,110.77,111.54287616781367
2018-09-10,111.12,111.25,110.86,110.97,111.6343830840641
2018-09-11,111.64,111.66,111.06,111.12,111.73124371051358
2018-09-12,111.27,111.66,111.12,111.64,111.83253526374044
2018-09-13,111.92,112.0,111.14,111.25,111.93727793300387
2018-09-14,112.06,112.17,111.75,111.92,112.0441403230232
2018-09-17,111.84,112.14,111.75,111.95,112.1517802398096
2018-09-18,112.36,112.39,111.67,111.86,112.2588654016723
2018-09-19,112.28,112.45,112.17,112.36,112.36386866427063
2018-09-20,112.5,112.59,112.03,112.28,112.46532609238787
2018-09-21,112.58,112.89,112.42,112.48,112.56172133289212
2018-09-24,112.81,112.84,112.28,112.58,112.65155970384377
2018-09-25,112.97,112.97,112.72,112.8,112.73335794747013
2018-09-26,112.73,113.14,112.62,112.97,112.80573183118369
2018-09-27,113.38,113.47,112.55,112.75,112.86744502367979
2018-09-28,113.69,113.72,113.31,113.38,112.91721386125923
2018-10-01,113.92,114.08,113.67,113.69,112.95407502708295
2018-10-02,113.67,114.02,113.51,113.92,112.97754819564864
2018-10-03,114.53,114.55,113.52,113.64,112.98775674456199
2018-10-04,113.92,114.56,113.64,114.55,112.98525683380637
2018-10-05,113.72,114.11,113.55,113.9,112.97156852539976
2018-10-08,113.23,113.94,112.81,113.69,112.94879609583909
2018-10-09,112.95,113.41,112.88,113.22,112.91951159129286
2018-10-10,112.28,113.28,112.23,112.95,112.88646281036974
2018-10-11,112.17,112.53,111.83,112.27,112.85241660693389
2018-10-12,112.2,112.5,111.89,112.17,112.81976079559287
2018-10-15,111.78,112.27,111.62,112.11,112.79045668057492
2018-10-16,112.25,112.33,111.72,111.77,112.76607821561095
2018-10-17,112.65,112.68,111.99,112.26,112.74756781900652
2018-10-18,112.19,112.73,111.97,112.64,112.73554536018239
2018-10-19,112.55,112.65,112.12,112.21,112.73056972867235
2018-10-22,112.83,112.91,112.36,112.5,112.73285884816002
2018-10-23,112.44,112.86,111.94,112.83,112.74251778624861
2018-10-24,112.26,112.75,112.09,112.43,112.75971232376125
2018-10-25,112.42,112.69,111.83,112.25,112.78441916790464
2018-10-26,111.91,112.45,111.38,112.39,112.81630270568323
2018-10-29,112.38,112.56,111.78,111.92,112.85479956212143
2018-10-30,113.09,113.11,112.28,112.38,112.89877992305271
2018-10-31,112.94,113.39,112.8,113.13,112.94681722458417
2018-11-01,112.72,113.0,112.61,112.94,112.997604415371
2018-11-02,113.2,113.33,112.58,112.72,113.04983018330307
2018-11-05,113.19,113.34,113.06,113.19,113.10200971351071
2018-11-06,113.44,113.5,113.11,113.2,113.15275204725965
2018-11-07,113.53,113.83,112.94,113.44,113.20072121974474
2018-11-08,114.06,114.08,113.47,113.52,113.24476079613122
2018-11-09,113.83,114.09,113.64,114.06,113.28392014082208
2018-11-12,113.83,114.2,113.66,113.83,113.31775814272271
2018-11-13,113.81,114.15,113.57,113.83,113.34617499065051
2018-11-14,113.62,114.02,113.3,113.81,113.36939102458362
2018-11-15,113.64,113.72,113.11,113.62,113.38791647513108
2018-11-16,112.83,113.66,112.64,113.64,113.40241820351149
2018-11-19,112.56,112.89,112.42,112.83,113.4137206231465
2018-11-20,112.77,112.84,112.31,112.56,113.42229038608053
2018-11-21,113.06,113.14,112.61,112.77,113.42806056896856
2018-11-22,112.94,113.14,112.86,113.05,113.43055656697425
2018-11-23,112.95,113.02,112.64,112.94,113.4290737374057
2018-11-26,113.59,113.64,112.86,112.94,113.42260083971671
2018-11-27,113.78,113.85,113.41,113.58,113.40982721227518
2018-11-28,113.69,114.03,113.44,113.78,113.38954681792421
2018-11-29,113.48,113.69,113.19,113.69,113.36078497749926
2018-11-30,113.47,113.72,113.33,113.5,113.32275479507456
2018-12-03,113.67,113.86,113.38,113.47,113.27474388411345
2018-12-04,112.78,113.67,112.58,113.66,113.21613188633229
2018-12-05,113.19,113.25,112.64,112.77,113.14654547851987
2018-12-06,112.67,113.22,112.22,113.19,113.06533875503604
2018-12-07,112.73,112.94,112.55,112.67,112.97189296931643
2018-12-10,113.34,113.38,112.25,112.7,112.8653422880748
2018-12-11,113.39,113.47,113.0,113.33,112.74466969491903
2018-12-12,113.28,113.53,113.14,113.39,112.60915483452695
2018-12-13,113.64,113.72,113.2,113.28,112.45848068301703
2018-12-14,113.39,113.69,113.22,113.64,112.29274949473617
2018-12-17,112.83,113.53,112.68,113.32,112.11280197360438
2018-12-18,112.53,112.88,112.25,112.83,111.92016460510752
2018-12-19,112.48,112.66,112.09,112.52,111.71681212349802
2018-12-20,111.28,112.61,110.81,112.47,111.50510041015008
2018-12-21,111.22,111.47,110.94,111.3,111.28786233886069
2018-12-24,110.45,111.21,110.27,110.95,111.06779009567055
2018-12-25,110.28,110.47,110.0,110.44,110.84753345265857
2018-12-26,111.36,111.42,110.14,110.31,110.6293560630939
2018-12-27,111.0,111.39,110.45,111.38,110.41516687183781
2018-12-28,110.28,111.06,110.14,110.97,110.2073314762121
2018-12-31,109.58,110.48,109.55,110.44,110.00858099424369
2019-01-01,109.72,109.79,109.57,109.57,109.82169196178677
2019-01-02,108.88,109.73,108.71,109.67,109.6491730515742
2019-01-03,107.67,108.92,104.97,108.89,109.4934693788627
2019-01-04,108.53,108.59,107.51,107.67,109.35654532575178
2019-01-07,108.72,108.75,108.03,108.55,109.23922560597917
2019-01-08,108.75,109.09,108.44,108.72,109.14181834245397
2019-01-09,108.17,109.0,107.97,108.75,109.06430714208159
2019-01-10,108.42,108.52,107.77,108.16,109.00643072530337
2019-01-11,108.55,108.6,108.14,108.43,108.967368870597
2019-01-14,108.17,108.56,107.97,108.47,108.94593483723672
2019-01-15,108.67,108.77,108.13,108.16,108.94068102895272
2019-01-16,109.09,109.2,108.38,108.69,108.94967489020192
2019-01-17,109.24,109.4,108.68,109.09,108.97081468979813
2019-01-18,109.78,109.89,109.06,109.27,109.00208639974883
2019-01-21,109.67,109.77,109.47,109.75,109.04164423288034
2019-01-22,109.38,109.7,109.14,109.67,109.08812859801918
2019-01-23,109.6,110.0,109.32,109.37,109.14057262634627
2019-01-24,109.64,109.81,109.42,109.58,109.19819186866876
2019-01-25,109.55,109.97,109.45,109.64,109.26048901790236
2019-01-28,109.36,109.61,109.16,109.53,109.32724289704484
2019-01-29,109.39,109.55,109.14,109.36,109.39841327345783
2019-01-30,109.03,109.75,108.81,109.39,109.47398038769234
2019-01-31,108.88,109.08,108.49,109.04,109.55391922200336
2019-02-01,109.5,109.58,108.72,108.89,109.63792727090362
2019-02-04,109.89,110.16,109.43,109.5,109.72528082939203
2019-02-05,109.97,110.03,109.78,109.89,109.81516998792321
2019-02-06,109.97,110.06,109.55,109.97,109.90688778643334
2019-02-07,109.81,110.09,109.61,109.97,109.99982403361618
2019-02-08,109.73,109.91,109.64,109.81,110.09340798329902
2019-02-11,110.38,110.47,109.69,109.83,110.1869502492882
2019-02-12,110.48,110.64,110.33,110.36,110.27953431540047
2019-02-13,111.0,111.06,110.42,110.5,110.37036432154679
2019-02-14,110.48,111.13,110.45,111.01,110.45876969869104
2019-02-15,110.5,110.66,110.25,110.48,110.54447340009612
2019-02-18,110.62,110.67,110.39,110.45,110.62721164796325
2019-02-19,110.62,110.83,110.45,110.61,110.70669286861857
2019-02-20,110.86,110.95,110.52,110.63,110.78262098110827
2019-02-21,110.7,110.89,110.58,110.86,110.85464572143559
2019-02-22,110.69,110.92,110.56,110.69,110.9224651874906
2019-02-25,111.06,111.23,110.56,110.67,110.9856808235874
2019-02-26,110.58,111.09,110.42,111.06,111.04374878329796
2019-02-27,111.0,111.08,110.36,110.58,111.09617166967953
2019-02-28,111.39,111.5,110.66,111.0,111.14216224279986
2019-03-01,111.92,112.08,111.33,111.39,111.18087315543306
2019-03-04,111.75,112.02,111.64,111.77,111.21161195895152
2019-03-05,111.89,112.12,111.7,111.72,111.2341481590055
2019-03-06,111.77,111.94,111.61,111.89,111.24858775377098
2019-03-07,111.59,111.86,111.48,111.77,111.2554466488245
2019-03-08,111.17,111.66,110.78,111.58,111.25556663239658
2019-03-11,111.2,111.31,110.88,111.14,111.24999858856214
2019-03-12,111.36,111.47,111.11,111.2,111.2397399222509
2019-03-13,111.17,111.47,111.0,111.36,111.22575678927473
2019-03-14,111.72,111.84,111.14,111.16,111.20909050799402
2019-03-15,111.47,111.91,111.39,111.7,111.19074754877587
2019-03-18,111.42,111.62,111.28,111.45,111.17205370041991
2019-03-19,111.39,111.48,111.16,111.44,111.15450928450772
2019-03-20,110.69,111.69,110.53,111.41,111.13976958905819
2019-03-21,110.81,110.97,110.3,110.72,111.12963708378737
2019-03-22,109.92,110.91,109.75,110.81,111.12563313241816
2019-03-25,109.97,110.25,109.72,109.86,111.129079325496
2019-03-26,110.64,110.69,109.94,109.97,111.14054373285856
2019-03-27,110.52,110.7,110.22,110.64,111.15986999976509
2019-03-28,110.64,110.83,110.03,110.52,111.18658893164178
2019-03-29,110.86,110.95,110.53,110.62,111.21983141516498
2019-04-01,111.36,111.45,110.81,110.81,111.25838671892875
2019-04-02,111.33,111.47,111.25,111.34,111.30081921689262
2019-04-03,111.48,111.58,111.2,111.33,111.34575679131686
2019-04-04,111.67,111.69,111.33,111.48,111.39184556245108
2019-04-05,111.73,111.81,111.58,111.64,111.43781555255035
2019-04-08,111.48,111.8,111.28,111.72,111.48257063039316
2019-04-09,111.14,111.59,110.98,111.49,111.52519728003756
2019-04-10,111.02,111.28,110.84,111.14,111.56478037889768
2019-04-11,111.67,111.7,110.91,111.03,111.60016405608765
2019-04-12,112.03,112.09,111.58,111.66,111.62985195298477
2019-04-15,112.03,112.09,111.88,112.0,111.65239135843127
2019-04-16,112.0,112.06,111.84,112.05,111.66657965379885
2019-04-17,112.06,112.17,111.92,112.03,111.67145022586014
2019-04-18,111.97,112.08,111.77,112.06,111.6662448491042
2019-04-19,111.92,112.01,111.88,111.97,111.650448141629
2019-04-22,111.94,111.99,111.85,111.93,111.62373456850176
2019-04-23,111.86,112.03,111.64,111.94,111.58594706470114
2019-04-24,112.19,112.41,111.69,111.86,111.53712623110053
2019-04-25,111.64,112.25,111.39,112.19,111.47748395165776
2019-04-26,111.59,112.03,111.42,111.64,111.40764015643627
2019-04-29,111.64,111.91,111.53,111.61,111.32831634802974
2019-04-30,111.42,111.7,111.23,111.66,111.24034800393403
2019-05-01,111.39,111.62,111.05,111.44,111.14476540392747
2019-05-02,111.52,111.67,111.36,111.39,111.04271111028588
2019-05-03,111.11,111.69,111.06,111.52,110.93548095690772
2019-05-06,110.78,110.99,110.28,110.62,110.82466908324757
2019-05-07,110.25,110.86,110.17,110.78,110.71197870316182
2019-05-08,110.11,110.31,109.89,110.25,110.59908511232993
2019-05-09,109.76,110.13,109.47,110.1,110.48737486974188
2019-05-10,109.94,110.05,109.47,109.75,110.37792885619251
2019-05-13,109.31,109.84,109.02,109.75,110.27137334318311
2019-05-14,109.61,109.78,109.14,109.3,110.16806089667988
2019-05-15,109.59,109.72,109.16,109.61,110.06774322430945
2019-05-16,109.86,109.97,109.33,109.61,109.96982324563805
2019-05-17,110.08,110.19,109.5,109.86,109.87340529071669
2019-05-20,110.06,110.33,109.81,110.14,109.77752505006791
2019-05-21,110.5,110.69,110.03,110.06,109.68134733590759
2019-05-22,110.36,110.64,110.25,110.48,109.58421350729526
2019-05-23,109.61,110.38,109.47,110.36,109.48597658120553
2019-05-24,109.31,109.75,109.28,109.61,109.38697444117093
2019-05-27,109.52,109.59,109.28,109.31,109.2876224853607
2019-05-28,109.38,109.64,109.22,109.5,109.18828800291844
2019-05-29,109.59,109.7,109.14,109.38,109.08948351893437
2019-05-30,109.61,109.94,109.47,109.61,108.99184137849696
2019-05-31,108.28,109.64,108.28,109.62,108.89630674949528
2019-06-03,108.08,108.45,107.89,108.38,108.80421114895702
2019-06-04,108.14,108.36,107.83,108.08,108.7165009021914
2019-06-05,108.47,108.5,107.81,108.14,108.6336697025395
2019-06-06,108.42,108.58,108.03,108.47,108.55585093027862
2019-06-07,108.19,108.62,107.89,108.42,108.48307567212188
2019-06-10,108.44,108.72,108.33,108.56,108.415290107951
2019-06-11,108.52,108.81,108.36,108.45,108.35225724535258
2019-06-12,108.5,108.58,108.22,108.52,108.29375553559575
2019-06-13,108.39,108.55,108.17,108.52,108.2396682691713
2019-06-14,108.56,108.59,108.16,108.38,108.19000763936023
2019-06-17,108.56,108.72,108.41,108.44,108.14487979677531
2019-06-18,108.45,108.69,108.06,108.55,108.10462213725474
2019-06-19,108.11,108.62,107.91,108.45,108.0698315067637
2019-06-20,107.31,108.14,107.22,108.09,108.04132061243169
2019-06-21,107.31,107.75,107.06,107.31,108.01992726669643
2019-06-24,107.3,107.55,107.25,107.41,108.0060322066129
2019-06-25,107.19,107.42,106.78,107.31,107.99957246469437
2019-06-26,107.78,107.86,107.09,107.19,108.00004380332493
2019-06-27,107.8,108.17,107.64,107.8,108.00643600209827
2019-06-28,107.89,107.94,107.56,107.8,108.01760131323097
2019-07-01,108.44,108.55,108.11,108.11,108.03226296643831
2019-07-02,107.89,108.48,107.77,108.44,108.04906444061474
2019-07-03,107.83,107.93,107.53,107.89,108.06690405030072
2019-07-04,107.81,107.86,107.71,107.8,108.08458069476127
2019-07-05,108.47,108.64,107.78,107.81,108.10074520823001
2019-07-08,108.72,108.81,108.28,108.44,108.11387681200637
2019-07-09,108.86,108.97,108.67,108.72,108.12268551163459
2019-07-10,108.47,108.98,108.33,108.84,108.12626013965152
2019-07-11,108.5,108.53,107.86,108.47,108.12415035014921
2019-07-12,107.91,108.61,107.8,108.48,108.1161206346325
2019-07-15,107.92,108.11,107.8,107.88,108.1021703906373
2019-07-16,108.24,108.39,107.83,107.92,108.08217019030295
2019-07-17,107.94,108.33,107.94,108.25,108.05587674927456
2019-07-18,107.3,108.02,107.2,107.94,108.02314542682834
2019-07-19,107.72,107.97,107.22,107.3,107.9837591592721
2019-07-22,107.88,108.08,107.7,107.8,107.93704891702188
2019-07-23,108.22,108.3,107.83,107.84,107.88218082101918
2019-07-24,108.19,108.28,107.94,108.22,107.81828533663224
2019-07-25,108.64,108.77,108.03,108.19,107.74470406621624
2019-07-26,108.67,108.83,108.56,108.64,107.66101093379093
2019-07-29,108.78,108.91,108.42,108.69,107.56733942333474
2019-07-30,108.61,108.95,108.45,108.78,107.46445363699242
2019-07-31,108.75,109.0,108.5,108.61,107.35387558976912
2019-08-01,107.34,109.33,107.27,108.8,107.23784326314684
2019-08-02,106.59,107.58,106.5,107.34,107.119467216364
2019-08-05,105.95,106.69,105.78,106.59,107.0019218566195
2019-08-06,106.48,107.08,105.53,105.94,106.88805067410199
2019-08-07,106.28,106.48,105.5,106.48,106.78003970783972
2019-08-08,106.08,106.31,105.89,106.28,106.67981996518967
2019-08-09,105.67,106.12,105.27,106.08,106.58900992869138
2019-08-12,105.31,105.7,105.05,105.58,106.50885319340617
2019-08-13,106.75,106.98,105.06,105.31,106.44001897318992
2019-08-14,105.91,106.78,105.66,106.75,106.3824271986526
2019-08-15,106.12,106.78,105.7,105.92,106.33619153854596
2019-08-16,106.38,106.5,106.03,106.12,106.30113039462256
2019-08-19,106.64,106.7,106.25,106.34,106.27692704892328
2019-08-20,106.23,106.69,106.17,106.63,106.26331407699232
2019-08-21,106.62,106.66,106.22,106.22,106.26025097496834
2019-08-22,106.44,106.66,106.25,106.61,106.26767641769189
2019-08-23,105.41,106.75,105.27,106.44,106.28575392314414
2019-08-26,106.14,106.41,104.45,105.14,106.31475471154526
2019-08-27,105.73,106.17,105.59,106.16,106.35440265691342
2019-08-28,106.12,106.23,105.66,105.75,106.40431241157206
2019-08-29,106.52,106.69,105.83,106.12,106.46370837618406
2019-08-30,106.31,106.56,106.11,106.5,106.53163725615508
2019-09-02,106.22,106.41,105.92,106.25,106.60718093915568
2019-09-03,105.94,106.4,105.74,106.23,106.68928278957128
2019-09-04,106.39,106.44,105.83,105.94,106.77664418370028
2019-09-05,106.92,107.22,106.31,106.36,106.86749819609757
2019-09-06,106.92,107.11,106.62,106.95,106.95983624870327
2019-09-09,107.25,107.28,106.77,106.83,107.05168257708488
2019-09-10,107.55,107.59,107.19,107.25,107.14103651915443
2019-09-11,107.83,107.86,107.5,107.55,107.22602136121318
2019-09-12,108.11,108.19,107.52,107.83,107.30501599173799
2019-09-13,108.08,108.28,107.92,108.09,107.37677678585491
2019-09-16,108.14,108.17,107.48,107.67,107.44056323369523
2019-09-17,108.14,108.38,108.03,108.11,107.49607433989912
2019-09-18,108.45,108.48,108.08,108.12,107.54344625708566
2019-09-19,108.02,108.47,107.78,108.45,107.58321759141147
2019-09-20,107.56,108.09,107.53,108.02,107.61649354512257
2019-09-23,107.56,107.78,107.31,107.53,107.64465230947035
2019-09-24,107.06,107.8,106.97,107.55,107.6690367672405
2019-09-25,107.78,107.89,107.0,107.06,107.6909368935253
2019-09-26,107.83,107.97,107.42,107.78,107.71126201543751
2019-09-27,107.94,108.19,107.66,107.83,107.73097712453138
2019-09-30,108.08,108.19,107.75,107.92,107.75112142360162
2019-10-01,107.75,108.47,107.62,108.08,107.77286475474006
2019-10-02,107.18,107.9,107.04,107.73,107.79758250914875
2019-10-03,106.92,107.31,106.48,107.19,107.82663578755803
2019-10-04,106.94,107.14,106.58,106.92,107.86099970163
2019-10-07,107.3,107.47,106.56,106.97,107.90108271565964
2019-10-08,107.08,107.45,106.81,107.3,107.94671766912839
2019-10-09,107.47,107.64,106.94,107.08,107.99736172482042
2019-10-10,107.97,108.03,107.03,107.47,108.05193034697666
2019-10-11,108.42,108.62,107.84,107.98,108.10900939876011
2019-10-14,108.39,108.53,108.03,108.36,108.16713353686686
2019-10-15,108.86,108.91,108.16,108.42,108.22503178711878
2019-10-16,108.77,108.88,108.57,108.86,108.28157246687726
2019-10-17,108.67,108.94,108.47,108.77,108.33602074863667
2019-10-18,108.43,108.73,108.38,108.66,108.38794707209956
2019-10-21,108.61,108.67,108.3,108.47,108.4371306140006
2019-10-22,108.48,108.73,108.44,108.61,108.48337683415431
2019-10-23,108.69,108.72,108.25,108.5,108.52659923574153
2019-10-24,108.61,108.75,108.48,108.67,108.56670921142171
2019-10-25,108.66,108.79,108.51,108.63,108.60372027933201
2019-10-28,108.95,109.05,108.66,108.67,108.63767301435247
2019-10-29,108.89,109.08,108.77,108.95,108.6686431661886
2019-10-30,108.84,109.3,108.72,108.89,108.69690168891194
2019-10-31,108.03,108.91,107.92,108.83,108.72285788461515
2019-11-01,108.19,108.33,107.89,108.06,108.74701049183534
2019-11-04,108.58,108.66,108.17,108.19,108.7694252129317
2019-11-05,109.16,109.25,108.55,108.58,108.78981961870596
2019-11-06,108.97,109.19,108.81,109.17,108.80779288920182
2019-11-07,109.28,109.5,108.66,108.97,108.82317556720122
2019-11-08,109.28,109.48,109.08,109.28,108.83589957493035
2019-11-11,109.06,109.27,108.89,109.2,108.84618234988594
2019-11-12,109.02,109.31,108.92,109.06,108.85451889233028
2019-11-13,108.83,109.16,108.66,109.0,108.86153783855701
2019-11-14,108.41,108.88,108.25,108.83,108.86797125055202
2019-11-15,108.75,108.86,108.38,108.41,108.87453147915214
2019-11-18,108.67,109.08,108.52,108.83,108.88164464316272
2019-11-19,108.55,108.86,108.45,108.67,108.88965902921457
2019-11-20,108.61,108.75,108.34,108.55,108.89879064603662
2019-11-21,108.64,108.7,108.28,108.61,108.90904321546458
2019-11-22,108.66,108.73,108.47,108.64,108.92023996518036
2019-11-25,108.92,108.98,108.64,108.72,108.93203597085623
2019-11-26,109.05,109.2,108.88,108.92,108.94392365818632
2019-11-27,109.56,109.61,109.0,109.03,108.9553879303829
2019-11-28,109.52,109.58,109.33,109.55,108.96597998837188
2019-11-29,109.52,109.67,109.39,109.5,108.97562891562265
2019-12-02,109.0,109.73,108.92,109.53,108.9846100581118
2019-12-03,108.64,109.22,108.48,108.97,108.9935389937436
2019-12-04,108.86,108.97,108.42,108.64,109.00304091913598
2019-12-05,108.76,109.0,108.65,108.86,109.01352006903578
2019-12-06,108.61,108.92,108.53,108.77,109.02529127761531
2019-12-09,108.56,108.68,108.42,108.68,109.0385109290038
2019-12-10,108.71,108.77,108.51,108.56,109.05307585028201
2019-12-11,108.56,108.86,108.47,108.72,109.06858379920003
2019-12-12,109.31,109.46,108.46,108.57,109.0844181111015
2019-12-13,109.38,109.72,108.92,109.31,109.0996442564556
2019-12-16,109.5,109.69,109.25,109.39,109.11346869441209
2019-12-17,109.48,109.64,109.44,109.53,109.12527310646047
2019-12-18,109.53,109.62,109.39,109.5,109.13468075615617
2019-12-19,109.38,109.67,109.17,109.55,109.14153661136312
2019-12-20,109.44,109.53,109.25,109.36,109.14593271447265
2019-12-23,109.39,109.53,109.33,109.41,109.14811014749392
2019-12-24,109.39,109.44,109.31,109.39,109.14849378448952
2019-12-25,109.36,109.42,109.27,109.39,109.14765968067981
2019-12-26,109.64,109.69,109.32,109.34,109.14633483266982
2019-12-27,109.42,109.64,109.39,109.61,109.14537894976414
2019-12-30,108.88,109.52,108.75,109.47,109.14596028199693
2019-12-31,108.62,108.89,108.47,108.89,109.14941871755886
2020-01-01,108.7,108.75,108.59,108.61,109.15692791946438
2020-01-02,108.58,108.86,108.2,108.75,109.16933066402942
2020-01-03,108.09,108.64,107.83,108.56,109.18718414762026
2020-01-06,108.38,108.52,107.77,108.0,109.2106772349381
2020-01-07,108.44,108.64,108.27,108.38,109.239313050592
2020-01-08,109.14,109.25,107.64,108.42,109.2720755459192
2020-01-09,109.52,109.58,109.01,109.12,109.30744910160023
2020-01-10,109.47,109.7,109.44,109.52,109.34383555109949
2020-01-13,109.94,109.95,109.45,109.49,109.3797695721929
2020-01-14,109.98,110.22,109.86,109.94,109.41386469543697
2020-01-15,109.89,110.03,109.78,110.0,109.44508459540553
2020-01-16,110.16,110.19,109.86,109.89,109.47274678123779
2020-01-17,110.16,110.3,110.05,110.14,109.49644683420084
2020-01-20,110.19,110.22,110.03,110.14,109.51620986882348
2020-01-21,109.88,110.22,109.77,110.19,109.53247572036325
2020-01-22,109.84,110.1,109.82,109.86,109.54610534290961
2020-01-23,109.49,109.87,109.26,109.84,109.55817689322686
2020-01-24,109.28,109.66,109.17,109.48,109.56995221223988
2020-01-27,108.89,109.14,108.72,109.05,109.58265053031538
2020-01-28,109.14,109.2,108.75,108.89,109.59730985768735
2020-01-29,109.0,109.28,108.97,109.16,109.61453529800832
2020-01-30,108.97,109.08,108.58,109.02,109.63464613626982
2020-01-31,108.39,109.14,108.31,108.97,109.65757757290208
2020-02-03,108.69,108.81,108.33,108.42,109.68284940450012
2020-02-04,109.53,109.56,108.56,108.69,109.70918919167593
2020-02-05,109.81,109.86,109.31,109.53,109.73470396416357
2020-02-06,110.0,110.0,109.72,109.81,109.75738875845227
2020-02-07,109.73,110.03,109.53,110.0,109.77528567105375
2020-02-10,109.75,109.89,109.56,109.86,109.78658843050573
2020-02-11,109.78,109.97,109.72,109.78,109.78946246180146
2020-02-12,110.08,110.14,109.77,109.78,109.78205032216519
2020-02-13,109.81,110.09,109.61,110.09,109.76248865478256
2020-02-14,109.75,109.92,109.69,109.81,109.72910032138785
2020-02-17,109.89,109.97,109.72,109.78,109.68023787830614
2020-02-18,109.88,109.95,109.66,109.88,109.61426694416164
2020-02-19,111.36,111.59,109.84,109.88,109.5296842389046
2020-02-20,112.12,112.22,111.11,111.38,109.42515256564516
2020-02-21,111.58,112.19,111.47,112.11,109.30047867484416
2020-02-24,110.72,111.69,110.33,111.61,109.1571535966088
2020-02-25,110.2,111.05,109.89,110.73,108.99809306187451
2020-02-26,110.42,110.7,110.12,110.19,108.82718958057893
2020-02-27,109.59,110.47,109.58,110.42,108.64908685449605
2020-02-28,108.08,109.69,107.5,109.61,108.46942409191203
2020-03-02,108.31,108.58,106.98,107.39,108.29442857182906
2020-03-03,107.14,108.55,106.94,108.31,108.13008418319174
2020-03-04,107.53,107.69,106.86,107.14,107.9823845470873
2020-03-05,106.17,107.73,105.97,107.53,107.85670448198846
2020-03-06,105.31,106.36,105.0,106.17,107.75813606602601
2020-03-09,102.36,104.92,101.19,104.91,107.69071718702952
2020-03-10,105.64,105.92,102.0,102.38,107.65695564778729
2020-03-11,104.55,105.69,104.11,105.66,107.6560275528457
2020-03-12,104.64,106.09,103.09,104.56,107.68584840947138
2020-03-13,107.92,108.5,104.5,104.62,107.74239245771037
2020-03-16,105.86,107.92,105.14,107.92,107.81973028235275
2020-03-17,107.69,107.88,105.86,105.86,107.91204347290264
2020-03-18,108.37,108.65,106.76,107.36,108.01228878743761
2020-03-19,110.71,110.96,107.85,108.07,108.1132842068647
2020-03-20,110.82,111.52,109.31,110.71,108.20807128159876
2020-03-23,111.21,111.61,109.67,111.04,108.29131450942538
2020-03-24,111.22,111.72,110.08,111.21,108.35931084357911
2020-03-25,111.21,111.69,110.75,111.21,108.41018141572614
2020-03-26,109.6,111.32,109.21,111.21,108.44383528825546
2020-03-27,107.9,109.71,107.75,109.6,108.4619314101712
2020-03-30,107.82,108.31,107.11,107.89,108.46685133342243
2020-03-31,107.54,108.74,107.46,107.76,108.46062540282671
2020-04-01,107.17,107.95,106.91,107.54,108.44487968111817
2020-04-02,107.92,108.11,107.01,107.17,108.42066484015425
2020-04-03,108.46,108.69,107.8,107.92,108.38823475199172
2020-04-06,109.22,109.39,108.35,108.43,108.34753037316224
2020-04-07,108.71,109.29,108.67,109.24,108.29853751347756
2020-04-08,108.82,109.11,108.5,108.71,108.24178727626614
2020-04-09,108.47,109.07,108.21,108.82,108.1780679289105
2020-04-10,108.47,108.61,108.32,108.54,108.10852912174546
2020-04-13,107.78,108.54,107.5,108.54,108.03450296265032
2020-04-14,107.21,107.81,106.97,107.78,107.95754747880319
2020-04-15,107.49,107.86,106.93,107.21,107.87906163303055
2020-04-16,107.96,108.1,107.17,107.49,107.79997717098459
2020-04-17,107.53,108.08,107.3,107.96,107.72098267479689
2020-04-20,107.63,107.96,107.49,107.57,107.64286674086709
2020-04-21,107.78,107.9,107.28,107.63,107.56629860142313
2020-04-22,107.75,107.94,107.51,107.82,107.4919394469798
2020-04-23,107.6,108.04,107.34,107.76,107.42058403142607
2020-04-24,107.51,107.76,107.37,107.58,107.35318839649665
2020-04-27,107.24,107.64,106.99,107.49,107.2908207189065
2020-04-28,106.88,107.35,106.56,107.22,107.23464718262284
2020-04-29,106.71,106.9,106.36,106.88,107.18580220866353
2020-04-30,107.18,107.51,106.4,106.71,107.14519856355736
2020-05-01,106.94,107.41,106.6,107.18,107.11345163745267
2020-05-04,106.75,107.08,106.63,106.82,107.09119857139558
2020-05-05,106.6,106.91,106.42,106.78,107.07896809915881
2020-05-06,106.15,106.64,105.98,106.61,107.07707570540788
2020-05-07,106.29,106.67,105.99,106.11,107.0855375197463
2020-05-08,106.67,106.75,106.22,106.29,107.10379024946175
2020-05-11,107.68,107.78,106.54,106.64,107.1307733908921
2020-05-12,107.14,107.71,107.12,107.68,107.16515532146923
2020-05-13,107.03,107.28,106.74,107.11,107.20594768525571
2020-05-14,107.25,107.38,106.77,107.04,107.25214640423826
2020-05-15,107.04,107.44,106.85,107.25,107.30263743310032
2020-05-18,107.35,107.51,107.04,107.08,107.35630538502262
2020-05-19,107.71,108.09,107.29,107.32,107.4118707247902
2020-05-20,107.53,107.99,107.33,107.71,107.4680499763225
2020-05-21,107.62,107.86,107.47,107.5,107.523745994336
2020-05-22,107.63,107.77,107.32,107.61,107.57790035231196
2020-05-25,107.71,107.79,107.56,107.58,107.62951478248519
2020-05-26,107.54,107.93,107.4,107.71,107.6776235793703
2020-05-27,107.72,107.96,107.36,107.54,107.72131134074286
2020-05-28,107.64,107.9,107.57,107.72,107.75957664964128
2020-05-29,107.79,107.9,107.07,107.67,107.79141726951609
2020-06-01,107.59,107.86,107.38,107.74,107.81575622841177
2020-06-02,108.68,108.78,107.5,107.59,107.83151566857936
2020-06-03,108.9,109.0,108.42,108.68,107.83747663462707
2020-06-04,109.14,109.2,108.61,108.89,107.83295047387021
2020-06-05,109.59,109.86,109.04,109.14,107.81791261072746
2020-06-08,108.43,109.7,108.24,109.68,107.79315537557129
2020-06-09,107.74,108.55,107.61,108.44,107.76057865339246
2020-06-10,107.11,107.89,106.99,107.72,107.72248035707202
2020-06-11,106.86,107.24,106.57,107.13,107.68114553783268
2020-06-12,107.36,107.56,106.58,106.88,107.63847644667395
2020-06-15,107.32,107.58,107.0,107.33,107.59586211863419
2020-06-16,107.33,107.64,107.21,107.33,107.55451754097255
2020-06-17,107.0,107.46,106.95,107.35,107.51548528712408
2020-06-18,106.97,107.14,106.67,107.0,107.47966760706068
2020-06-19,106.89,107.07,106.76,106.97,107.44764457244997
2020-06-22,106.89,107.02,106.76,106.9,107.41967771270517
2020-06-23,106.53,107.23,106.07,106.91,107.39568002938175
2020-06-24,107.04,107.08,106.38,106.52,107.37523347546468
2020-06-25,107.2,107.46,106.99,107.06,107.3573789539206
2020-06-26,107.22,107.37,106.79,107.24,107.34094784679392
2020-06-29,107.57,107.89,107.04,107.19,107.32467317428282
2020-06-30,107.93,108.0,107.52,107.57,107.30721236418128
2020-07-01,107.47,108.17,107.36,107.93,107.28737617354932
2020-07-02,107.5,107.74,107.33,107.47,107.26436460171936
2020-07-03,107.51,107.58,107.43,107.5,107.23749178791527
2020-07-06,107.36,107.78,107.25,107.5,107.20621914348484
2020-07-07,107.52,107.8,107.24,107.35,107.17017839740845
2020-07-08,107.26,107.71,107.19,107.52,107.12909739170178
2020-07-09,107.21,107.41,107.1,107.31,107.08292260688211
2020-07-10,106.9,107.27,106.64,107.21,107.03168233759688
2020-07-13,107.28,107.33,106.78,106.9,106.97548430186424
2020-07-14,107.25,107.44,107.11,107.29,106.9143539162414
2020-07-15,106.94,107.32,106.66,107.23,106.84850691959679
2020-07-16,107.27,107.41,106.83,106.93,106.7783688296013
2020-07-17,107.0,107.37,106.93,107.26,106.70442234710099
2020-07-20,107.25,107.53,107.01,107.11,106.62745744242339
2020-07-21,106.78,107.38,106.68,107.26,106.54844882192916
2020-07-22,107.15,107.29,106.71,106.78,106.46876028107738
2020-07-23,106.86,107.24,106.71,107.15,106.38990033481343
2020-07-24,106.14,106.92,105.68,106.86,106.31380327290705
2020-07-27,105.38,106.21,105.11,105.97,106.24269719741874
2020-07-28,105.09,105.7,104.95,105.36,106.17870158336342
2020-07-29,104.92,105.25,104.76,105.06,106.1233967200076
2020-07-30,104.74,105.31,104.68,104.92,106.07768245812824
2020-07-31,105.89,106.07,104.18,104.71,106.04170652555223
2020-08-03,105.96,106.48,105.57,105.89,106.01478059857027
2020-08-04,105.72,106.21,105.64,105.96,105.99612153689453
2020-08-05,105.58,105.89,105.32,105.72,105.98491196236307
2020-08-06,105.55,105.71,105.29,105.57,105.98016192085343
2020-08-07,105.93,106.07,105.47,105.51,105.98062838826661
2020-08-10,105.95,106.21,105.71,105.96,105.98479948930313
2020-08-11,106.48,106.7,105.92,105.96,105.9911317059208
2020-08-12,106.89,107.03,106.44,106.51,105.99805977039665
2020-08-13,106.92,107.06,106.56,106.89,106.0043239576915
2020-08-14,106.59,107.04,106.43,106.9,106.00922200540968
2020-08-17,105.99,106.67,105.94,106.63,106.01262394868209
2020-08-18,105.42,106.07,105.28,106.0,106.01476280888608
2020-08-19,106.1,106.15,105.1,105.41,106.015857467431
2020-08-20,105.79,106.22,105.74,106.11,106.01575507897076
2020-08-21,105.78,106.08,105.43,105.79,106.01435538724202
2020-08-24,105.97,106.01,105.69,105.86,106.01141703905715
2020-08-25,106.36,106.59,105.86,105.98,106.0065522091115
2020-08-26,105.98,106.56,105.95,106.39,105.9993471864511
2020-08-27,106.55,106.71,105.61,105.99,105.98960916499121
2020-08-28,105.34,106.96,105.19,106.57,105.9771332466556
2020-08-31,105.89,106.1,105.29,105.36,105.96206477763997
2020-09-01,105.95,106.16,105.59,105.93,105.94415089586087
2020-09-02,106.18,106.32,105.85,105.96,105.92309369874893
2020-09-03,106.17,106.57,106.0,106.18,105.89859893942486
2020-09-04,106.23,106.51,106.06,106.19,105.87053293744765
2020-09-07,106.25,106.39,106.13,106.28,105.83893163803913
2020-09-08,106.01,106.39,105.86,106.29,105.80405565333521
2020-09-09,106.17,106.29,105.78,106.04,105.76642251319805
2020-09-10,106.13,106.31,105.98,106.21,105.72667846270642
2020-09-11,106.14,106.28,106.06,106.13,105.68572198286833
2020-09-14,105.72,106.21,105.54,106.17,105.64470363065254
2020-09-15,105.43,105.83,105.29,105.72,105.60505788678857
2020-09-16,104.94,105.45,104.79,105.44,105.56826629223676
2020-09-17,104.73,105.18,104.52,104.95,105.53570097677814
2020-09-18,104.55,104.88,104.26,104.75,105.50834140376114
2020-09-21,104.64,104.84,104.0,104.44,105.48666347342358
2020-09-22,104.91,105.09,104.4,104.65,105.47054412262594
2020-09-23,105.37,105.5,104.89,104.93,105.45933112355776
2020-09-24,105.4,105.54,105.2,105.4,105.45202190833191
2020-09-25,105.6,105.71,105.24,105.42,105.44755807710911
2020-09-28,105.49,105.69,105.26,105.51,105.44484871635738
2020-09-29,105.64,105.75,105.34,105.5,105.44289818874665
2020-09-30,105.45,105.81,105.4,105.64,105.44073907649903
2020-10-01,105.5,105.75,105.4,105.46,105.43752715046867
2020-10-02,105.33,105.68,104.93,105.53,105.43242396958692
2020-10-05,105.72,105.81,105.29,105.29,105.42463013831602
2020-10-06,105.62,105.79,105.46,105.74,105.4132822461372
2020-10-07,105.96,106.12,105.6,105.64,105.39770148869516
2020-10-08,106.01,106.11,105.92,105.96,105.37733826023083
2020-10-09,105.59,106.05,105.57,106.03,105.35199439155481
2020-10-12,105.3,105.89,105.24,105.71,105.32186712706496
2020-10-13,105.47,105.64,105.28,105.33,105.28730246466444
2020-10-14,105.15,105.53,105.04,105.48,105.24863273530187
2020-10-15,105.44,105.5,105.09,105.14,105.20630445588547
2020-10-16,105.4,105.46,105.18,105.46,105.16070249786387
2020-10-19,105.42,105.51,105.29,105.39,105.11235779240067
2020-10-20,105.49,105.75,105.39,105.43,105.0619508315984
2020-10-21,104.56,105.53,104.33,105.5,105.01035438393926
2020-10-22,104.82,104.93,104.46,104.59,104.95870874863577
2020-10-23,104.69,104.94,104.54,104.85,104.90787275341043
2020-10-26,104.82,105.07,104.64,104.75,104.85861853301782
2020-10-27,104.4,104.9,104.39,104.83,104.81158205174157
2020-10-28,104.29,104.57,104.11,104.42,104.76737513728222
2020-10-29,104.61,104.74,104.03,104.36,104.72635237855802
2020-10-30,104.64,104.75,104.12,104.64,104.68857000502642
2020-11-02,104.71,104.96,104.54,104.57,104.65401152590827
2020-11-03,104.46,104.82,104.43,104.72,104.62263009417134
2020-11-04,104.48,105.35,104.14,104.47,104.59441385557973
2020-11-05,103.47,104.57,103.44,104.52,104.56924931208864
2020-11-06,103.33,103.77,103.17,103.51,104.54695145699361
2020-11-09,105.36,105.66,103.19,103.35,104.52664825277006
2020-11-10,105.28,105.5,104.79,105.38,104.50670706723278
2020-11-11,105.42,105.69,105.0,105.31,104.48601611303857
2020-11-12,105.12,105.49,105.07,105.43,104.46394691092729
2020-11-13,104.62,105.17,104.56,105.14,104.44045472156816
2020-11-16,104.56,105.14,104.36,104.89,104.41590483881112
2020-11-17,104.17,104.63,104.07,104.58,104.3907747723051
2020-11-18,103.83,104.22,103.64,104.21,104.36563209117477
2020-11-19,103.72,104.22,103.71,103.82,104.34090638031213
2020-11-20,103.85,103.92,103.7,103.74,104.31669245455214
2020-11-23,104.54,104.65,103.68,103.86,104.2926970622421
2020-11-24,104.43,104.77,104.14,104.56,104.26833526894517
2020-11-25,104.45,104.61,104.25,104.43,104.2431767045606
2020-11-26,104.25,104.49,104.21,104.46,104.21689203944447
2020-11-27,104.1,104.29,103.9,104.27,104.18928120851254
2020-11-30,104.27,104.42,103.82,104.07,104.16016483915587
2020-12-01,104.3,104.59,104.18,104.32,104.12930775801016
2020-12-02,104.4,104.76,104.22,104.32,104.09654343868661
2020-12-03,103.83,104.54,103.67,104.39,104.06181203744765
2020-12-04,104.14,104.25,103.74,103.85,104.0252433709064
2020-12-07,104.06,104.32,103.92,104.14,103.98682237315259
2020-12-08,104.15,104.22,103.95,104.06,103.9466057011692
2020-12-09,104.21,104.42,104.05,104.17,103.90469574795597
2020-12-10,104.2,104.59,104.17,104.24,103.8613220279494
2020-12-11,104.01,104.29,103.82,104.21,103.81690487074361
2020-12-14,104.03,104.11,103.51,104.0,103.77207627966519
2020-12-15,103.66,104.15,103.6,104.04,103.72758894249645
2020-12-16,103.48,103.92,103.26,103.67,103.68435674934487
2020-12-17,103.1,103.57,102.88,103.5,103.64325134722883
2020-12-18,103.31,103.6,103.1,103.13,103.6050166601983
2020-12-21,103.3,103.89,103.25,103.39,103.57005708021137
2020-12-22,103.63,103.75,103.28,103.32,103.53859261381345
2020-12-23,103.55,103.66,103.36,103.64,103.51067448187491
2020-12-24,103.63,103.77,103.5,103.57,103.48641103488237
2020-12-25,103.48,103.69,103.39,103.64,103.46593520177123
2020-12-28,103.78,103.9,103.39,103.54,103.4494696545801
2020-12-29,103.56,103.85,103.46,103.79,103.43724585584646
2020-12-30,103.17,103.61,102.96,103.58,103.42970184957366
2020-12-31,103.21,103.32,103.0,103.12,103.4273524011051
2021-01-01,103.2,103.25,103.21,103.25,103.43054996212815
2021-01-04,103.1,103.32,102.71,103.18,103.43951113907951
2021-01-05,102.72,103.19,102.6,103.13,103.45430844466952
2021-01-06,103.04,103.45,102.58,102.75,103.47480219714666
2021-01-07,103.8,103.96,102.95,103.04,103.50039377198152
2021-01-08,103.93,104.1,103.61,103.79,103.53021279327149
2021-01-11,104.24,104.4,103.83,103.89,103.5635761390064
2021-01-12,103.75,104.35,103.72,104.28,103.60005055418036
2021-01-13,103.85,104.0,103.53,103.75,103.6396255487006
2021-01-14,103.79,104.21,103.56,103.89,103.68238435087804
2021-01-15,103.87,103.92,103.61,103.81,103.72854167305564
2021-01-18,103.69,103.94,103.63,103.76,103.77837948735706
2021-01-19,103.89,104.1,103.65,103.68,103.83226817736025
2021-01-20,103.52,103.95,103.44,103.9,103.89052288946368
2021-01-21,103.48,103.67,103.32,103.54,103.95349485245498
2021-01-22,103.77,103.89,103.47,103.5,104.02130371831589
2021-01-25,103.73,103.94,103.67,103.79,104.09377320474533
2021-01-26,103.6,103.83,103.55,103.74,104.17056996461832
2021-01-27,104.09,104.21,103.58,103.62,104.25113329255683
2021-01-28,104.21,104.47,104.06,104.11,104.33454587695495
2021-01-29,104.68,104.95,104.21,104.24,104.41978969789889
2021-02-01,104.91,105.04,104.61,104.68,104.5057688943019
2021-02-02,104.97,105.18,104.82,104.93,104.59155023651599
2021-02-03,105.01,105.11,104.92,104.97,104.67645313933424
2021-02-04,105.54,105.57,104.97,105.02,104.76003354865192
2021-02-05,105.36,105.78,105.33,105.53,104.8420558771522
2021-02-08,105.22,105.68,105.15,105.39,104.92277201655041
2021-02-09,104.57,105.28,104.5,105.22,105.00275757363872
2021-02-10,104.57,104.85,104.41,104.6,105.08277392269899
2021-02-11,104.72,104.81,104.55,104.58,105.16331196452961
2021-02-12,104.93,105.19,104.72,104.75,105.2445421162272
2021-02-15,105.36,105.43,104.93,105.0,105.32635772491062
2021-02-16,105.86,105.97,105.18,105.39,105.408455548876
